<?xml version="1.0" encoding="UTF-8"?>
<project-private xmlns="http://www.netbeans.org/ns/project-private/1">
    <editor-bookmarks xmlns="http://www.netbeans.org/ns/editor-bookmarks/2" lastBookmarkId="0"/>
    <open-files xmlns="http://www.netbeans.org/ns/projectui-open-files/2">
        <group>
            <file>file:/C:/Users/Roberto/Documents/NetBeansProjects/paginas/src/java/Servlet3.java</file>
            <file>file:/C:/Users/Roberto/Documents/NetBeansProjects/paginas/src/java/Servlet1.java</file>
            <file>file:/C:/Users/Roberto/Documents/NetBeansProjects/paginas/web/index.jsp</file>
            <file>file:/C:/Users/Roberto/Documents/NetBeansProjects/paginas/src/java/Servlet4.java</file>
            <file>file:/C:/Users/Roberto/Documents/NetBeansProjects/paginas/web/cerrar.jsp</file>
            <file>file:/C:/Users/Roberto/Documents/NetBeansProjects/paginas/web/menu.jsp</file>
            <file>file:/C:/Users/Roberto/Documents/NetBeansProjects/paginas/src/java/Servlet2.java</file>
            <file>file:/C:/Users/Roberto/Documents/NetBeansProjects/paginas/web/Eliminar.jsp</file>
            <file>file:/C:/Users/Roberto/Documents/NetBeansProjects/paginas/web/devolver.jsp</file>
            <file>file:/C:/Users/Roberto/Documents/NetBeansProjects/paginas/web/Modificar.jsp</file>
            <file>file:/C:/Users/Roberto/Documents/NetBeansProjects/paginas/web/Activos.jsp</file>
        </group>
    </open-files>
</project-private>
